Question,Age,Symptoms,Query,Response
1,General,General,Do I need antibiotics for a cold?,"No, colds are caused by viruses, and antibiotics cannot kill viruses. They are used for bacterial infections. Rest and hydration are recommended for colds."
2,General,General,Can I drink alcohol while taking antibiotics?,"It's best to avoid alcohol while on antibiotics as it can interfere with their effectiveness and might cause side effects. Follow your doctor's advice."
3,General,General,Should I take antibiotics for the flu?,"No, the flu is viral. Antibiotics won't help; they treat bacterial infections. Rest and symptom relief are usually recommended."
4,General,Skin Condition,I feel better; can I stop taking my antibiotics?,"No, it's crucial to complete the full prescribed course to fully eradicate the bacteria, even if you feel better. Stopping early can lead to antibiotic resistance."
5,General,Skin Condition,Do antibiotics work against fungal infections?,"No, antibiotics specifically target bacteria, not fungi. Fungal infections require antifungal medication."
6,Child,Skin Condition,Can I use someone else's antibiotics?,"No, antibiotics should only be taken when prescribed by a healthcare professional. Taking someone else's antibiotics can be harmful and ineffective."
7,Child,Skin Condition,Are antibiotics effective for treating acne?,"Some antibiotics can help with acne, but they should be prescribed by a healthcare professional as part of an overall treatment plan. Consult a dermatologist."
8,Child,Skin Condition,Can antibiotics cause an allergic reaction?,"Yes, like any medication, antibiotics can cause allergic reactions in some people. If you experience symptoms of an allergy, seek medical attention immediately."
9,Child,Skin Condition,Do antibiotics interact with my other medications?,"They can. Always inform your healthcare provider about all medications you're taking to avoid harmful interactions. They will adjust your treatment accordingly."
10,Child,Skin Condition,How do antibiotics affect birth control pills?,"Some antibiotics might reduce the effectiveness of birth control pills. Discuss with a healthcare professional for advice on additional contraceptive measures."
11,Adult,Rash,Are all antibiotics the same?,"No, there are various types of antibiotics that work in different ways and act on different types of bacteria. The choice of antibiotic depends on the specific infection."
12,Adult,Rash,Can I get antibiotics without a prescription?,"It is not advisable to obtain antibiotics without a proper medical prescription. Self-prescribing antibiotics can be dangerous and contribute to antibiotic resistance."
13,Adult,Rash,Should I take probiotics with my antibiotics?,"Some studies suggest probiotics may help prevent side effects like diarrhea while taking antibiotics. However, consult with a healthcare professional first."
14,Adult,Rash,Why can't I use antibiotics for a sore throat?,"Many sore throats are caused by viruses, where antibiotics are ineffective. They're only necessary for bacterial infections like strep throat, which requires a proper diagnosis."
15,Adult,Rash,Can antibiotics make me feel tired?,"Yes, some people may experience fatigue as a side effect. If fatigue is significant, consult your healthcare provider to discuss possible alternatives."
16,Elderly,Cough,Do antibiotics affect my appetite?,"They might. Some people may experience changes in appetite as a side effect. If appetite changes become concerning, consult your healthcare provider."
17,Elderly,Cough,Can I take antibiotics for a toothache?,"Antibiotics are not a primary solution for a toothache but might be prescribed if there's a bacterial infection. See a dentist for a proper diagnosis and treatment."
18,Elderly,Cough,Are antibiotics bad for your liver?,"Long-term or inappropriate use of antibiotics can harm your liver. Use antibiotics as prescribed by a healthcare professional to minimize risks."
19,Elderly,Cough,Can I get a yeast infection from taking antibiotics?,"Yes, antibiotics can disrupt the balance of beneficial bacteria in your body, potentially leading to a yeast infection. Consult your doctor if you experience symptoms."
20,Elderly,Cough,Why is it dangerous to take antibiotics unnecessarily?,"Unnecessary antibiotic use can lead to antibiotic resistance, making bacterial strains stronger and harder to treat in the future. Always follow your doctor's guidance."
21,General,General,What should I do if I miss a dose of antibiotics?,"If you miss a dose, take it as soon as you remember. If it's close to the next scheduled dose, skip the missed one. Do not double the dose."
22,General,General,Can I take expired antibiotics?,"It's not recommended. Expired antibiotics may not be as effective and could be harmful. Dispose of them properly and consult your doctor for a new prescription."
23,General,General,Are there natural alternatives to antibiotics?,"There are some natural remedies, but they may not be as effective as antibiotics for bacterial infections. Consult with a healthcare provider for the best treatment options."
24,General,General,Can I give antibiotics to my pets?,"Never give your pets antibiotics meant for humans. Consult a veterinarian for proper treatment if your pet is sick."
25,Child,Skin Condition,How can I help my child take antibiotics if they dislike the taste?,"You can ask the pharmacist if the antibiotic can be flavored. Make sure your child takes the full prescribed dose even if they don't like the taste."
26,Child,Skin Condition,Can children take the same antibiotics as adults?,"The dosage for children is usually different from that of adults. Always follow the pediatrician's instructions for children's antibiotics."
27,Adult,Rash,Can I take antibiotics during pregnancy?,"Consult your healthcare provider when pregnant. Some antibiotics are safe during pregnancy, while others may pose risks."
28,Adult,Rash,Do antibiotics cause weight gain?,"Antibiotics themselves do not typically cause weight gain, but they can affect your gut bacteria, potentially leading to changes in weight. Maintain a balanced diet."
29,Adult,Rash,Can I store antibiotics in a hot environment?,"Store antibiotics as directed on the label. Most antibiotics should be kept in a cool, dry place, away from direct sunlight."
30,Elderly,Cough,Are there alternatives to antibiotics for chronic conditions?,"For some chronic conditions, antibiotics may not be the first-line treatment. Consult your healthcare provider for alternatives and long-term management."